"sol","vtkValidPointMask","arc_length","Points:0","Points:1","Points:2"
0.109885328334,1,0,20,50,0
0.109885338657,1,0.0599994659424,20.0599994659,50,0
0.109885349268,1,0.120000839233,20.1200008392,50,0
0.109885360183,1,0.180000305176,20.1800003052,50,0
0.109885371411,1,0.239999771118,20.2399997711,50,0
0.10988538295,1,0.299999237061,20.2999992371,50,0
0.109885394831,1,0.360000610352,20.3600006104,50,0
0.109885407039,1,0.420000076294,20.4200000763,50,0
0.109885419591,1,0.479999542236,20.4799995422,50,0
0.109885432498,1,0.540000915527,20.5400009155,50,0
0.109885445756,1,0.60000038147,20.6000003815,50,0
0.1098854594,1,0.659999847412,20.6599998474,50,0
0.109885473413,1,0.719999313354,20.7199993134,50,0
0.109885487817,1,0.780000686646,20.7800006866,50,0
0.109885502619,1,0.840000152588,20.8400001526,50,0
0.109885517818,1,0.89999961853,20.8999996185,50,0
0.109885533453,1,0.959999084473,20.9599990845,50,0
0.109885549503,1,1.02000045776,21.0200004578,50,0
0.109885565993,1,1.07999992371,21.0799999237,50,0
0.109885582932,1,1.13999938965,21.1399993896,50,0
0.109885600317,1,1.20000076294,21.2000007629,50,0
0.109885618193,1,1.26000022888,21.2600002289,50,0
0.109885636535,1,1.31999969482,21.3199996948,50,0
0.109885655371,1,1.37999916077,21.3799991608,50,0
0.109885674712,1,1.44000053406,21.4400005341,50,0
0.109885694552,1,1.5,21.5,50,0
0.109885714943,1,1.55999946594,21.5599994659,50,0
0.109885735858,1,1.62000083923,21.6200008392,50,0
0.109885757325,1,1.68000030518,21.6800003052,50,0
0.109885779357,1,1.73999977112,21.7399997711,50,0
0.109885801949,1,1.79999923706,21.7999992371,50,0
0.109885825157,1,1.86000061035,21.8600006104,50,0
0.10988584895,1,1.92000007629,21.9200000763,50,0
0.10988587336,1,1.97999954224,21.9799995422,50,0
0.109885898402,1,2.04000091553,22.0400009155,50,0
0.109885924068,1,2.10000038147,22.1000003815,50,0
0.10988595042,1,2.15999984741,22.1599998474,50,0
0.109885977425,1,2.21999931335,22.2199993134,50,0
0.109886005119,1,2.28000068665,22.2800006866,50,0
0.109886033515,1,2.34000015259,22.3400001526,50,0
0.109886062606,1,2.39999961853,22.3999996185,50,0
0.109886092461,1,2.45999908447,22.4599990845,50,0
0.109886123042,1,2.52000045776,22.5200004578,50,0
0.109886154387,1,2.57999992371,22.5799999237,50,0
0.109886186512,1,2.63999938965,22.6399993896,50,0
0.10988621941,1,2.70000076294,22.7000007629,50,0
0.109886253154,1,2.76000022888,22.7600002289,50,0
0.109886287702,1,2.81999969482,22.8199996948,50,0
0.109886323098,1,2.87999916077,22.8799991608,50,0
0.109886359358,1,2.94000053406,22.9400005341,50,0
0.109886396471,1,3,23,50,0
0.109886434522,1,3.05999946594,23.0599994659,50,0
0.109886473463,1,3.12000083923,23.1200008392,50,0
0.109886513338,1,3.18000030518,23.1800003052,50,0
0.109886554167,1,3.23999977112,23.2399997711,50,0
0.109886595939,1,3.29999923706,23.2999992371,50,0
0.109886638745,1,3.36000061035,23.3600006104,50,0
0.10988668253,1,3.42000007629,23.4200000763,50,0
0.109886727345,1,3.47999954224,23.4799995422,50,0
0.109886773212,1,3.54000091553,23.5400009155,50,0
0.109886820115,1,3.60000038147,23.6000003815,50,0
0.109886868153,1,3.65999984741,23.6599998474,50,0
0.109886917269,1,3.71999931335,23.7199993134,50,0
0.109886967518,1,3.78000068665,23.7800006866,50,0
0.109887018917,1,3.84000015259,23.8400001526,50,0
0.109887071455,1,3.89999961853,23.8999996185,50,0
0.109887125237,1,3.95999908447,23.9599990845,50,0
0.109887180201,1,4.02000045776,24.0200004578,50,0
0.109887236402,1,4.07999992371,24.0799999237,50,0
0.109887293864,1,4.13999938965,24.1399993896,50,0
0.109887352572,1,4.20000076294,24.2000007629,50,0
0.109887412638,1,4.26000022888,24.2600002289,50,0
0.109887473993,1,4.31999969482,24.3199996948,50,0
0.1098875367,1,4.37999916077,24.3799991608,50,0
0.109887600784,1,4.44000053406,24.4400005341,50,0
0.109887666222,1,4.5,24.5,50,0
0.109887733141,1,4.55999946594,24.5599994659,50,0
0.109887801466,1,4.62000083923,24.6200008392,50,0
0.109887871259,1,4.68000030518,24.6800003052,50,0
0.109887942547,1,4.73999977112,24.7399997711,50,0
0.109888015307,1,4.79999923706,24.7999992371,50,0
0.10988808968,1,4.86000061035,24.8600006104,50,0
0.109888165571,1,4.92000007629,24.9200000763,50,0
0.109888243057,1,4.97999954224,24.9799995422,50,0
0.109888322165,1,5.04000091553,25.0400009155,50,0
0.109888402865,1,5.10000038147,25.1000003815,50,0
0.109888485307,1,5.15999984741,25.1599998474,50,0
0.109888569393,1,5.21999931335,25.2199993134,50,0
0.109888655205,1,5.28000068665,25.2800006866,50,0
0.109888742763,1,5.34000015259,25.3400001526,50,0
0.109888832042,1,5.39999961853,25.3999996185,50,0
0.109888923198,1,5.45999908447,25.4599990845,50,0
0.10988901613,1,5.52000045776,25.5200004578,50,0
0.109889110913,1,5.57999992371,25.5799999237,50,0
0.109889207579,1,5.63999938965,25.6399993896,50,0
0.109889306098,1,5.70000076294,25.7000007629,50,0
0.10988940663,1,5.76000022888,25.7600002289,50,0
0.109889509065,1,5.81999969482,25.8199996948,50,0
0.10988961349,1,5.87999916077,25.8799991608,50,0
0.109889719936,1,5.94000053406,25.9400005341,50,0
0.10988982836,1,6,26,50,0
0.109889938942,1,6.05999946594,26.0599994659,50,0
0.109890051564,1,6.12000083923,26.1200008392,50,0
0.109890166309,1,6.18000030518,26.1800003052,50,0
0.109890283208,1,6.23999977112,26.2399997711,50,0
0.109890402221,1,6.29999923706,26.2999992371,50,0
0.109890523541,1,6.36000061035,26.3600006104,50,0
0.109890647024,1,6.42000007629,26.4200000763,50,0
0.109890772772,1,6.47999954224,26.4799995422,50,0
0.109890900815,1,6.54000091553,26.5400009155,50,0
0.109891031102,1,6.60000038147,26.6000003815,50,0
0.109891163833,1,6.65999984741,26.6599998474,50,0
0.109891298864,1,6.71999931335,26.7199993134,50,0
0.109891436301,1,6.78000068665,26.7800006866,50,0
0.109891576161,1,6.84000015259,26.8400001526,50,0
0.109891718399,1,6.89999961853,26.8999996185,50,0
0.109891863222,1,6.95999908447,26.9599990845,50,0
0.10989201048,1,7.02000045776,27.0200004578,50,0
0.109892160269,1,7.07999992371,27.0799999237,50,0
0.109892312617,1,7.13999938965,27.1399993896,50,0
0.109892467477,1,7.20000076294,27.2000007629,50,0
0.109892625054,1,7.26000022888,27.2600002289,50,0
0.109892785187,1,7.31999969482,27.3199996948,50,0
0.109892947984,1,7.37999916077,27.3799991608,50,0
0.109893113475,1,7.44000053406,27.4400005341,50,0
0.109893281589,1,7.5,27.5,50,0
0.109893452556,1,7.55999946594,27.5599994659,50,0
0.109893626205,1,7.62000083923,27.6200008392,50,0
0.109893802634,1,7.68000030518,27.6800003052,50,0
0.109893981873,1,7.73999977112,27.7399997711,50,0
0.109894163856,1,7.79999923706,27.7999992371,50,0
0.10989434882,1,7.86000061035,27.8600006104,50,0
0.109894536566,1,7.92000007629,27.9200000763,50,0
0.109894727212,1,7.97999954224,27.9799995422,50,0
0.109894920784,1,8.04000091553,28.0400009155,50,0
0.109895117201,1,8.10000038147,28.1000003815,50,0
0.109895316703,1,8.15999984741,28.1599998474,50,0
0.109895519095,1,8.21999931335,28.2199993134,50,0
0.109895724494,1,8.28000068665,28.2800006866,50,0
0.109895932907,1,8.34000015259,28.3400001526,50,0
0.109896144264,1,8.39999961853,28.3999996185,50,0
0.109896358804,1,8.45999908447,28.4599990845,50,0
0.109896576329,1,8.52000045776,28.5200004578,50,0
0.109896796935,1,8.57999992371,28.5799999237,50,0
0.109897020646,1,8.63999938965,28.6399993896,50,0
0.109897247387,1,8.70000076294,28.7000007629,50,0
0.109897477384,1,8.76000022888,28.7600002289,50,0
0.109897710431,1,8.81999969482,28.8199996948,50,0
0.109897946638,1,8.87999916077,28.8799991608,50,0
0.109898186022,1,8.94000053406,28.9400005341,50,0
0.109898428483,1,9,29,50,0
0.109898674269,1,9.05999946594,29.0599994659,50,0
0.109898923165,1,9.12000083923,29.1200008392,50,0
0.109899175262,1,9.18000030518,29.1800003052,50,0
0.109899430576,1,9.23999977112,29.2399997711,50,0
0.109899689014,1,9.29999923706,29.2999992371,50,0
0.109899950822,1,9.36000061035,29.3600006104,50,0
0.109900215756,1,9.42000007629,29.4200000763,50,0
0.109900483926,1,9.47999954224,29.4799995422,50,0
0.109900755342,1,9.54000091553,29.5400009155,50,0
0.10990102989,1,9.60000038147,29.6000003815,50,0
0.109901307811,1,9.65999984741,29.6599998474,50,0
0.109901588872,1,9.71999931335,29.7199993134,50,0
0.109901873177,1,9.78000068665,29.7800006866,50,0
0.109902160705,1,9.84000015259,29.8400001526,50,0
0.109902451362,1,9.89999961853,29.8999996185,50,0
0.109902745374,1,9.95999908447,29.9599990845,50,0
0.109903042511,1,10.0200004578,30.0200004578,50,0
0.109903342843,1,10.0799999237,30.0799999237,50,0
0.109903646372,1,10.1399993896,30.1399993896,50,0
0.109903952996,1,10.2000007629,30.2000007629,50,0
0.109904262914,1,10.2600002289,30.2600002289,50,0
0.109904575892,1,10.3199996948,30.3199996948,50,0
0.109904892011,1,10.3799991608,30.3799991608,50,0
0.109905211264,1,10.4400005341,30.4400005341,50,0
0.109905533518,1,10.5,30.5,50,0
0.109905858985,1,10.5599994659,30.5599994659,50,0
0.109906187432,1,10.6200008392,30.6200008392,50,0
0.109906518909,1,10.6800003052,30.6800003052,50,0
0.1099068534,1,10.7399997711,30.7399997711,50,0
0.109907190789,1,10.7999992371,30.7999992371,50,0
0.109907531272,1,10.8600006104,30.8600006104,50,0
0.109907874584,1,10.9200000763,30.9200000763,50,0
0.109908220795,1,10.9799995422,30.9799995422,50,0
0.109908569881,1,11.0400009155,31.0400009155,50,0
0.1099089217,1,11.1000003815,31.1000003815,50,0
0.109909276427,1,11.1599998474,31.1599998474,50,0
0.109909633824,1,11.2199993134,31.2199993134,50,0
0.109909993944,1,11.2800006866,31.2800006866,50,0
0.109910356723,1,11.3400001526,31.3400001526,50,0
0.109910722048,1,11.3999996185,31.3999996185,50,0
0.10991109006,1,11.4599990845,31.4599990845,50,0
0.109911460536,1,11.5200004578,31.5200004578,50,0
0.10991183348,1,11.5799999237,31.5799999237,50,0
0.109912208854,1,11.6399993896,31.6399993896,50,0
0.10991258654,1,11.7000007629,31.7000007629,50,0
0.109912966628,1,11.7600002289,31.7600002289,50,0
0.109913348906,1,11.8199996948,31.8199996948,50,0
0.109913733382,1,11.8799991608,31.8799991608,50,0
0.109914120006,1,11.9400005341,31.9400005341,50,0
0.109914508626,1,12,32,50,0
0.109914899346,1,12.0600013733,32.0600013733,50,0
0.109915291916,1,12.1199989319,32.1199989319,50,0
0.109915686376,1,12.1800003052,32.1800003052,50,0
0.109916082627,1,12.2400016785,32.2400016785,50,0
0.109916480516,1,12.2999992371,32.2999992371,50,0
0.109916880136,1,12.3600006104,32.3600006104,50,0
0.10991728124,1,12.4199981689,32.4199981689,50,0
0.109917683845,1,12.4799995422,32.4799995422,50,0
0.109918087841,1,12.5400009155,32.5400009155,50,0
0.109918493077,1,12.5999984741,32.5999984741,50,0
0.109918899605,1,12.6599998474,32.6599998474,50,0
0.109919307223,1,12.7200012207,32.7200012207,50,0
0.109919715845,1,12.7799987793,32.7799987793,50,0
0.109920125429,1,12.8400001526,32.8400001526,50,0
0.109920535826,1,12.9000015259,32.9000015259,50,0
0.109920946964,1,12.9599990845,32.9599990845,50,0
0.109921358743,1,13.0200004578,33.0200004578,50,0
0.109921771051,1,13.0800018311,33.0800018311,50,0
0.109922183755,1,13.1399993896,33.1399993896,50,0
0.10992259679,1,13.2000007629,33.2000007629,50,0
0.109923010007,1,13.2599983215,33.2599983215,50,0
0.109923423335,1,13.3199996948,33.3199996948,50,0
0.109923836633,1,13.3800010681,33.3800010681,50,0
0.109924249756,1,13.4399986267,33.4399986267,50,0
0.109924662646,1,13.5,33.5,50,0
0.109925075126,1,13.5600013733,33.5600013733,50,0
0.109925487078,1,13.6199989319,33.6199989319,50,0
0.10992589841,1,13.6800003052,33.6800003052,50,0
0.109926308966,1,13.7400016785,33.7400016785,50,0
0.109926718617,1,13.7999992371,33.7999992371,50,0
0.109927127207,1,13.8600006104,33.8600006104,50,0
0.109927534627,1,13.9199981689,33.9199981689,50,0
0.109927940755,1,13.9799995422,33.9799995422,50,0
0.109928345422,1,14.0400009155,34.0400009155,50,0
0.109928748513,1,14.0999984741,34.0999984741,50,0
0.109929149806,1,14.1599998474,34.1599998474,50,0
0.109929549262,1,14.2200012207,34.2200012207,50,0
0.109929946646,1,14.2799987793,34.2799987793,50,0
0.109930341859,1,14.3400001526,34.3400001526,50,0
0.109930734794,1,14.4000015259,34.4000015259,50,0
0.109931125092,1,14.4599990845,34.4599990845,50,0
0.109931512832,1,14.5200004578,34.5200004578,50,0
0.109931897747,1,14.5800018311,34.5800018311,50,0
0.109932279652,1,14.6399993896,34.6399993896,50,0
0.10993265853,1,14.7000007629,34.7000007629,50,0
0.10993303393,1,14.7599983215,34.7599983215,50,0
0.109933405978,1,14.8199996948,34.8199996948,50,0
0.109933774374,1,14.8800010681,34.8800010681,50,0
0.109934138925,1,14.9399986267,34.9399986267,50,0
0.10993449963,1,15,35,50,0
0.109934855991,1,15.0600013733,35.0600013733,50,0
0.109935208118,1,15.1199989319,35.1199989319,50,0
0.109935555746,1,15.1800003052,35.1800003052,50,0
0.109935898673,1,15.2400016785,35.2400016785,50,0
0.10993623685,1,15.2999992371,35.2999992371,50,0
0.109936569774,1,15.3600006104,35.3600006104,50,0
0.109936897593,1,15.4199981689,35.4199981689,50,0
0.109937220001,1,15.4799995422,35.4799995422,50,0
0.109937536795,1,15.5400009155,35.5400009155,50,0
0.109937847946,1,15.5999984741,35.5999984741,50,0
0.109938152877,1,15.6599998474,35.6599998474,50,0
0.109938451818,1,15.7200012207,35.7200012207,50,0
0.10993874437,1,15.7799987793,35.7799987793,50,0
0.10993903038,1,15.8400001526,35.8400001526,50,0
0.109939309848,1,15.9000015259,35.9000015259,50,0
0.109939582064,1,15.9599990845,35.9599990845,50,0
0.109939847378,1,16.0200004578,36.0200004578,50,0
0.109940105358,1,16.0800018311,36.0800018311,50,0
0.109940355796,1,16.1399993896,36.1399993896,50,0
0.109940598766,1,16.2000007629,36.2000007629,50,0
0.109940833474,1,16.2599983215,36.2599983215,50,0
0.109941060331,1,16.3199996948,36.3199996948,50,0
0.109941278876,1,16.3800010681,36.3800010681,50,0
0.109941488902,1,16.4399986267,36.4399986267,50,0
0.109941690507,1,16.5,36.5,50,0
0.109941882839,1,16.5600013733,36.5600013733,50,0
0.109942066342,1,16.6199989319,36.6199989319,50,0
0.109942240561,1,16.6800003052,36.6800003052,50,0
0.109942405291,1,16.7400016785,36.7400016785,50,0
0.109942560624,1,16.7999992371,36.7999992371,50,0
0.109942705671,1,16.8600006104,36.8600006104,50,0
0.109942840942,1,16.9199981689,36.9199981689,50,0
0.109942965948,1,16.9799995422,36.9799995422,50,0
0.109943080488,1,17.0400009155,37.0400009155,50,0
0.10994318469,1,17.0999984741,37.0999984741,50,0
0.109943277593,1,17.1599998474,37.1599998474,50,0
0.109943359791,1,17.2200012207,37.2200012207,50,0
0.109943430748,1,17.2799987793,37.2799987793,50,0
0.109943490286,1,17.3400001526,37.3400001526,50,0
0.109943538569,1,17.4000015259,37.4000015259,50,0
0.109943574557,1,17.4599990845,37.4599990845,50,0
0.109943598931,1,17.5200004578,37.5200004578,50,0
0.109943611133,1,17.5800018311,37.5800018311,50,0
0.109943610984,1,17.6399993896,37.6399993896,50,0
0.109943598689,1,17.7000007629,37.7000007629,50,0
0.109943573154,1,17.7599983215,37.7599983215,50,0
0.109943535123,1,17.8199996948,37.8199996948,50,0
0.109943484028,1,17.8800010681,37.8800010681,50,0
0.109943419701,1,17.9399986267,37.9399986267,50,0
0.109943342376,1,18,38,50,0
0.109943250909,1,18.0600013733,38.0600013733,50,0
0.109943146129,1,18.1199989319,38.1199989319,50,0
0.109943027436,1,18.1800003052,38.1800003052,50,0
0.109942894678,1,18.2400016785,38.2400016785,50,0
0.109942748146,1,18.2999992371,38.2999992371,50,0
0.109942586625,1,18.3600006104,38.3600006104,50,0
0.109942411032,1,18.4199981689,38.4199981689,50,0
0.109942220748,1,18.4799995422,38.4799995422,50,0
0.109942015638,1,18.5400009155,38.5400009155,50,0
0.109941796036,1,18.5999984741,38.5999984741,50,0
0.109941560684,1,18.6599998474,38.6599998474,50,0
0.109941310556,1,18.7200012207,38.7200012207,50,0
0.109941045071,1,18.7799987793,38.7799987793,50,0
0.109940764067,1,18.8400001526,38.8400001526,50,0
0.109940467916,1,18.9000015259,38.9000015259,50,0
0.109940155381,1,18.9599990845,38.9599990845,50,0
0.109939827449,1,19.0200004578,39.0200004578,50,0
0.10993948354,1,19.0800018311,39.0800018311,50,0
0.109939123568,1,19.1399993896,39.1399993896,50,0
0.109938747884,1,19.2000007629,39.2000007629,50,0
0.109938355258,1,19.2599983215,39.2599983215,50,0
0.109937946727,1,19.3199996948,39.3199996948,50,0
0.109937521721,1,19.3800010681,39.3800010681,50,0
0.109937080185,1,19.4399986267,39.4399986267,50,0
0.109936622493,1,19.5,39.5,50,0
0.109936147388,1,19.5600013733,39.5600013733,50,0
0.109935656043,1,19.6199989319,39.6199989319,50,0
0.109935147815,1,19.6800003052,39.6800003052,50,0
0.109934622673,1,19.7400016785,39.7400016785,50,0
0.10993408112,1,19.7999992371,39.7999992371,50,0
0.109933521804,1,19.8600006104,39.8600006104,50,0
0.109932945987,1,19.9199981689,39.9199981689,50,0
0.109932353031,1,19.9799995422,39.9799995422,50,0
0.109931742939,1,20.0400009155,40.0400009155,50,0
0.109931116252,1,20.0999984741,40.0999984741,50,0
0.109930471624,1,20.1599998474,40.1599998474,50,0
0.109929810324,1,20.2200012207,40.2200012207,50,0
0.109929131855,1,20.2799987793,40.2799987793,50,0
0.109928436128,1,20.3400001526,40.3400001526,50,0
0.109927723716,1,20.4000015259,40.4000015259,50,0
0.109926993428,1,20.4599990845,40.4599990845,50,0
0.109926246431,1,20.5200004578,40.5200004578,50,0
0.109925482263,1,20.5800018311,40.5800018311,50,0
0.109924701,1,20.6399993896,40.6399993896,50,0
0.109923903102,1,20.7000007629,40.7000007629,50,0
0.109923087474,1,20.7599983215,40.7599983215,50,0
0.109922255292,1,20.8199996948,40.8199996948,50,0
0.109921406137,1,20.8800010681,40.8800010681,50,0
0.109920540124,1,20.9399986267,40.9399986267,50,0
0.109919657725,1,21,41,50,0
0.109918757852,1,21.0600013733,41.0600013733,50,0
0.109917841855,1,21.1199989319,41.1199989319,50,0
0.10991690919,1,21.1800003052,41.1800003052,50,0
0.109915960007,1,21.2400016785,41.2400016785,50,0
0.109914994971,1,21.2999992371,41.2999992371,50,0
0.109914012883,1,21.3600006104,41.3600006104,50,0
0.10991301516,1,21.4199981689,41.4199981689,50,0
0.109912001295,1,21.4799995422,41.4799995422,50,0
0.109910971478,1,21.5400009155,41.5400009155,50,0
0.109909926396,1,21.5999984741,41.5999984741,50,0
0.109908864919,1,21.6599998474,41.6599998474,50,0
0.109907788391,1,21.7200012207,41.7200012207,50,0
0.109906696559,1,21.7799987793,41.7799987793,50,0
0.109905589445,1,21.8400001526,41.8400001526,50,0
0.109904467749,1,21.9000015259,41.9000015259,50,0
0.109903330638,1,21.9599990845,41.9599990845,50,0
0.109902179222,1,22.0200004578,42.0200004578,50,0
0.109901013311,1,22.0800018311,42.0800018311,50,0
0.109899833174,1,22.1399993896,42.1399993896,50,0
0.109898639298,1,22.2000007629,42.2000007629,50,0
0.109897431034,1,22.2599983215,42.2599983215,50,0
0.109896209444,1,22.3199996948,42.3199996948,50,0
0.10989497441,1,22.3800010681,42.3800010681,50,0
0.109893726238,1,22.4399986267,42.4399986267,50,0
0.109892465405,1,22.5,42.5,50,0
0.109891191307,1,22.5600013733,42.5600013733,50,0
0.109889905192,1,22.6199989319,42.6199989319,50,0
0.109888606768,1,22.6800003052,42.6800003052,50,0
0.10988729638,1,22.7400016785,42.7400016785,50,0
0.109885974739,1,22.7999992371,42.7999992371,50,0
0.109884641121,1,22.8600006104,42.8600006104,50,0
0.109883296798,1,22.9199981689,42.9199981689,50,0
0.109881941545,1,22.9799995422,42.9799995422,50,0
0.10988057574,1,23.0400009155,43.0400009155,50,0
0.109879200087,1,23.0999984741,43.0999984741,50,0
0.10987781399,1,23.1599998474,43.1599998474,50,0
0.109876418563,1,23.2200012207,43.2200012207,50,0
0.109875013918,1,23.2799987793,43.2799987793,50,0
0.109873600198,1,23.3400001526,43.3400001526,50,0
0.109872178089,1,23.4000015259,43.4000015259,50,0
0.109870747407,1,23.4599990845,43.4599990845,50,0
0.109869308908,1,23.5200004578,43.5200004578,50,0
0.109867862782,1,23.5800018311,43.5800018311,50,0
0.109866409473,1,23.6399993896,43.6399993896,50,0
0.109864949364,1,23.7000007629,43.7000007629,50,0
0.109863482523,1,23.7599983215,43.7599983215,50,0
0.109862009594,1,23.8199996948,43.8199996948,50,0
0.109860530853,1,23.8800010681,43.8800010681,50,0
0.109859046769,1,23.9399986267,43.9399986267,50,0
0.10985755769,1,24,44,50,0
0.109856063749,1,24.0600013733,44.0600013733,50,0
0.10985456576,1,24.1199989319,44.1199989319,50,0
0.109853063796,1,24.1800003052,44.1800003052,50,0
0.109851558349,1,24.2400016785,44.2400016785,50,0
0.109850050008,1,24.2999992371,44.2999992371,50,0
0.109848538789,1,24.3600006104,44.3600006104,50,0
0.109847025474,1,24.4199981689,44.4199981689,50,0
0.109845510217,1,24.4799995422,44.4799995422,50,0
0.109843993526,1,24.5400009155,44.5400009155,50,0
0.109842475949,1,24.5999984741,44.5999984741,50,0
0.109840957663,1,24.6599998474,44.6599998474,50,0
0.109839439222,1,24.7200012207,44.7200012207,50,0
0.109837921147,1,24.7799987793,44.7799987793,50,0
0.109836403672,1,24.8400001526,44.8400001526,50,0
0.109834887291,1,24.9000015259,44.9000015259,50,0
0.10983337264,1,24.9599990845,44.9599990845,50,0
0.109831859839,1,25.0200004578,45.0200004578,50,0
0.109830349485,1,25.0800018311,45.0800018311,50,0
0.109828842113,1,25.1399993896,45.1399993896,50,0
0.109827337869,1,25.2000007629,45.2000007629,50,0
0.109825837651,1,25.2599983215,45.2599983215,50,0
0.109824341431,1,25.3199996948,45.3199996948,50,0
0.109822849877,1,25.3800010681,45.3800010681,50,0
0.109821363529,1,25.4399986267,45.4399986267,50,0
0.109819882472,1,25.5,45.5,50,0
0.109818407673,1,25.5600013733,45.5600013733,50,0
0.109816939229,1,25.6199989319,45.6199989319,50,0
0.109815477596,1,25.6800003052,45.6800003052,50,0
0.109814023315,1,25.7400016785,45.7400016785,50,0
0.109812576682,1,25.7999992371,45.7999992371,50,0
0.109811138548,1,25.8600006104,45.8600006104,50,0
0.109809708935,1,25.9199981689,45.9199981689,50,0
0.10980828837,1,25.9799995422,45.9799995422,50,0
0.109806877387,1,26.0400009155,46.0400009155,50,0
0.109805476208,1,26.0999984741,46.0999984741,50,0
0.109804085843,1,26.1599998474,46.1599998474,50,0
0.109802706054,1,26.2200012207,46.2200012207,50,0
0.109801337698,1,26.2799987793,46.2799987793,50,0
0.109799981034,1,26.3400001526,46.3400001526,50,0
0.109798636207,1,26.4000015259,46.4000015259,50,0
0.109797304636,1,26.4599990845,46.4599990845,50,0
0.109795985656,1,26.5200004578,46.5200004578,50,0
0.109794680176,1,26.5800018311,46.5800018311,50,0
0.109793388699,1,26.6399993896,46.6399993896,50,0
0.109792111037,1,26.7000007629,46.7000007629,50,0
0.109790848827,1,26.7599983215,46.7599983215,50,0
0.109789601242,1,26.8199996948,46.8199996948,50,0
0.109788369236,1,26.8800010681,46.8800010681,50,0
0.109787153288,1,26.9399986267,46.9399986267,50,0
0.109785953139,1,27,47,50,0
0.109784770467,1,27.0600013733,47.0600013733,50,0
0.109783604514,1,27.1199989319,47.1199989319,50,0
0.109782456043,1,27.1800003052,47.1800003052,50,0
0.109781325511,1,27.2400016785,47.2400016785,50,0
0.109780212798,1,27.2999992371,47.2999992371,50,0
0.109779119479,1,27.3600006104,47.3600006104,50,0
0.109778044698,1,27.4199981689,47.4199981689,50,0
0.109776989262,1,27.4799995422,47.4799995422,50,0
0.109775953595,1,27.5400009155,47.5400009155,50,0
0.109774937487,1,27.5999984741,47.5999984741,50,0
0.109773942627,1,27.6599998474,47.6599998474,50,0
0.109772967927,1,27.7200012207,47.7200012207,50,0
0.109772014415,1,27.7799987793,47.7799987793,50,0
0.109771082291,1,27.8400001526,47.8400001526,50,0
0.109770171264,1,27.9000015259,47.9000015259,50,0
0.109769283291,1,27.9599990845,47.9599990845,50,0
0.109768416956,1,28.0200004578,48.0200004578,50,0
0.109767573299,1,28.0800018311,48.0800018311,50,0
0.109766752659,1,28.1399993896,48.1399993896,50,0
0.109765954496,1,28.2000007629,48.2000007629,50,0
0.109765180883,1,28.2599983215,48.2599983215,50,0
0.109764430279,1,28.3199996948,48.3199996948,50,0
0.109763703721,1,28.3800010681,48.3800010681,50,0
0.109763001503,1,28.4399986267,48.4399986267,50,0
0.109762323022,1,28.5,48.5,50,0
0.109761670346,1,28.5600013733,48.5600013733,50,0
0.109761041941,1,28.6199989319,48.6199989319,50,0
0.109760438713,1,28.6800003052,48.6800003052,50,0
0.10975986091,1,28.7400016785,48.7400016785,50,0
0.109759307979,1,28.7999992371,48.7999992371,50,0
0.109758781906,1,28.8600006104,48.8600006104,50,0
0.109758281067,1,28.9199981689,48.9199981689,50,0
0.109757806371,1,28.9799995422,48.9799995422,50,0
0.109757358016,1,29.0400009155,49.0400009155,50,0
0.109756935369,1,29.0999984741,49.0999984741,50,0
0.109756540449,1,29.1599998474,49.1599998474,50,0
0.109756171489,1,29.2200012207,49.2200012207,50,0
0.109755829462,1,29.2799987793,49.2799987793,50,0
0.109755514443,1,29.3400001526,49.3400001526,50,0
0.10975522573,1,29.4000015259,49.4000015259,50,0
0.10975496541,1,29.4599990845,49.4599990845,50,0
0.109754731566,1,29.5200004578,49.5200004578,50,0
0.109754525137,1,29.5800018311,49.5800018311,50,0
0.109754346207,1,29.6399993896,49.6399993896,50,0
0.109754193967,1,29.7000007629,49.7000007629,50,0
0.109754070487,1,29.7599983215,49.7599983215,50,0
0.109753973796,1,29.8199996948,49.8199996948,50,0
0.109753904786,1,29.8800010681,49.8800010681,50,0
0.109753863483,1,29.9399986267,49.9399986267,50,0
0.109753849043,1,30,50,50,0
0.109753863483,1,30.0600013733,50.0600013733,50,0
0.109753904786,1,30.1199989319,50.1199989319,50,0
0.109753973796,1,30.1800003052,50.1800003052,50,0
0.109754070487,1,30.2400016785,50.2400016785,50,0
0.109754193967,1,30.2999992371,50.2999992371,50,0
0.109754346207,1,30.3600006104,50.3600006104,50,0
0.109754525137,1,30.4199981689,50.4199981689,50,0
0.109754731566,1,30.4799995422,50.4799995422,50,0
0.10975496541,1,30.5400009155,50.5400009155,50,0
0.10975522573,1,30.5999984741,50.5999984741,50,0
0.109755514443,1,30.6599998474,50.6599998474,50,0
0.109755829462,1,30.7200012207,50.7200012207,50,0
0.109756171489,1,30.7799987793,50.7799987793,50,0
0.109756540449,1,30.8400001526,50.8400001526,50,0
0.109756935369,1,30.9000015259,50.9000015259,50,0
0.109757358016,1,30.9599990845,50.9599990845,50,0
0.109757806371,1,31.0200004578,51.0200004578,50,0
0.109758281067,1,31.0800018311,51.0800018311,50,0
0.109758781906,1,31.1399993896,51.1399993896,50,0
0.109759307979,1,31.2000007629,51.2000007629,50,0
0.10975986091,1,31.2599983215,51.2599983215,50,0
0.109760438713,1,31.3199996948,51.3199996948,50,0
0.109761041941,1,31.3800010681,51.3800010681,50,0
0.109761670346,1,31.4399986267,51.4399986267,50,0
0.109762323022,1,31.5,51.5,50,0
0.109763001503,1,31.5600013733,51.5600013733,50,0
0.109763703721,1,31.6199989319,51.6199989319,50,0
0.109764430279,1,31.6800003052,51.6800003052,50,0
0.109765180883,1,31.7400016785,51.7400016785,50,0
0.109765954496,1,31.7999992371,51.7999992371,50,0
0.109766752659,1,31.8600006104,51.8600006104,50,0
0.109767573299,1,31.9199981689,51.9199981689,50,0
0.109768416956,1,31.9799995422,51.9799995422,50,0
0.109769283291,1,32.0400009155,52.0400009155,50,0
0.109770171264,1,32.0999984741,52.0999984741,50,0
0.109771082291,1,32.1599998474,52.1599998474,50,0
0.109772014415,1,32.2200012207,52.2200012207,50,0
0.109772967927,1,32.2799987793,52.2799987793,50,0
0.109773942627,1,32.3400001526,52.3400001526,50,0
0.109774937487,1,32.4000015259,52.4000015259,50,0
0.109775953595,1,32.4599990845,52.4599990845,50,0
0.109776989262,1,32.5200004578,52.5200004578,50,0
0.109778044698,1,32.5800018311,52.5800018311,50,0
0.109779119479,1,32.6399993896,52.6399993896,50,0
0.109780212798,1,32.7000007629,52.7000007629,50,0
0.109781325511,1,32.7599983215,52.7599983215,50,0
0.109782456043,1,32.8199996948,52.8199996948,50,0
0.109783604514,1,32.8800010681,52.8800010681,50,0
0.109784770467,1,32.9399986267,52.9399986267,50,0
0.109785953139,1,33,53,50,0
0.109787153288,1,33.0600013733,53.0600013733,50,0
0.109788369236,1,33.1199989319,53.1199989319,50,0
0.109789601242,1,33.1800003052,53.1800003052,50,0
0.109790848827,1,33.2400016785,53.2400016785,50,0
0.109792111037,1,33.2999992371,53.2999992371,50,0
0.109793388699,1,33.3600006104,53.3600006104,50,0
0.109794680176,1,33.4199981689,53.4199981689,50,0
0.109795985656,1,33.4799995422,53.4799995422,50,0
0.109797304636,1,33.5400009155,53.5400009155,50,0
0.109798636207,1,33.5999984741,53.5999984741,50,0
0.109799981034,1,33.6599998474,53.6599998474,50,0
0.109801337698,1,33.7200012207,53.7200012207,50,0
0.109802706054,1,33.7799987793,53.7799987793,50,0
0.109804085843,1,33.8400001526,53.8400001526,50,0
0.109805476208,1,33.9000015259,53.9000015259,50,0
0.109806877387,1,33.9599990845,53.9599990845,50,0
0.10980828837,1,34.0200004578,54.0200004578,50,0
0.109809708935,1,34.0800018311,54.0800018311,50,0
0.109811138548,1,34.1399993896,54.1399993896,50,0
0.109812576682,1,34.2000007629,54.2000007629,50,0
0.109814023315,1,34.2599983215,54.2599983215,50,0
0.109815477596,1,34.3199996948,54.3199996948,50,0
0.109816939229,1,34.3800010681,54.3800010681,50,0
0.109818407673,1,34.4399986267,54.4399986267,50,0
0.109819882472,1,34.5,54.5,50,0
0.109821363529,1,34.5600013733,54.5600013733,50,0
0.109822849877,1,34.6199989319,54.6199989319,50,0
0.109824341431,1,34.6800003052,54.6800003052,50,0
0.109825837651,1,34.7400016785,54.7400016785,50,0
0.109827337869,1,34.7999992371,54.7999992371,50,0
0.109828842113,1,34.8600006104,54.8600006104,50,0
0.109830349485,1,34.9199981689,54.9199981689,50,0
0.109831859839,1,34.9799995422,54.9799995422,50,0
0.10983337264,1,35.0400009155,55.0400009155,50,0
0.109834887291,1,35.0999984741,55.0999984741,50,0
0.109836403672,1,35.1599998474,55.1599998474,50,0
0.109837921147,1,35.2200012207,55.2200012207,50,0
0.109839439222,1,35.2799987793,55.2799987793,50,0
0.109840957663,1,35.3400001526,55.3400001526,50,0
0.109842475949,1,35.4000015259,55.4000015259,50,0
0.109843993526,1,35.4599990845,55.4599990845,50,0
0.109845510217,1,35.5200004578,55.5200004578,50,0
0.109847025474,1,35.5800018311,55.5800018311,50,0
0.109848538789,1,35.6399993896,55.6399993896,50,0
0.109850050008,1,35.7000007629,55.7000007629,50,0
0.109851558349,1,35.7599983215,55.7599983215,50,0
0.109853063796,1,35.8199996948,55.8199996948,50,0
0.10985456576,1,35.8800010681,55.8800010681,50,0
0.109856063749,1,35.9399986267,55.9399986267,50,0
0.10985755769,1,36,56,50,0
0.109859046769,1,36.0600013733,56.0600013733,50,0
0.109860530853,1,36.1199989319,56.1199989319,50,0
0.109862009594,1,36.1800003052,56.1800003052,50,0
0.109863482523,1,36.2400016785,56.2400016785,50,0
0.109864949364,1,36.2999992371,56.2999992371,50,0
0.109866409473,1,36.3600006104,56.3600006104,50,0
0.109867862782,1,36.4199981689,56.4199981689,50,0
0.109869308908,1,36.4799995422,56.4799995422,50,0
0.109870747407,1,36.5400009155,56.5400009155,50,0
0.109872178089,1,36.5999984741,56.5999984741,50,0
0.109873600198,1,36.6599998474,56.6599998474,50,0
0.109875013918,1,36.7200012207,56.7200012207,50,0
0.109876418563,1,36.7799987793,56.7799987793,50,0
0.10987781399,1,36.8400001526,56.8400001526,50,0
0.109879200087,1,36.9000015259,56.9000015259,50,0
0.10988057574,1,36.9599990845,56.9599990845,50,0
0.109881941545,1,37.0200004578,57.0200004578,50,0
0.109883296798,1,37.0800018311,57.0800018311,50,0
0.109884641121,1,37.1399993896,57.1399993896,50,0
0.109885974739,1,37.2000007629,57.2000007629,50,0
0.10988729638,1,37.2599983215,57.2599983215,50,0
0.109888606768,1,37.3199996948,57.3199996948,50,0
0.109889905192,1,37.3800010681,57.3800010681,50,0
0.109891191307,1,37.4399986267,57.4399986267,50,0
0.109892465405,1,37.5,57.5,50,0
0.109893726238,1,37.5600013733,57.5600013733,50,0
0.10989497441,1,37.6199989319,57.6199989319,50,0
0.109896209444,1,37.6800003052,57.6800003052,50,0
0.109897431034,1,37.7400016785,57.7400016785,50,0
0.109898639298,1,37.7999992371,57.7999992371,50,0
0.109899833174,1,37.8600006104,57.8600006104,50,0
0.109901013311,1,37.9199981689,57.9199981689,50,0
0.109902179222,1,37.9799995422,57.9799995422,50,0
0.109903330638,1,38.0400009155,58.0400009155,50,0
0.109904467749,1,38.0999984741,58.0999984741,50,0
0.109905589445,1,38.1599998474,58.1599998474,50,0
0.109906696559,1,38.2200012207,58.2200012207,50,0
0.109907788391,1,38.2799987793,58.2799987793,50,0
0.109908864919,1,38.3400001526,58.3400001526,50,0
0.109909926396,1,38.4000015259,58.4000015259,50,0
0.109910971478,1,38.4599990845,58.4599990845,50,0
0.109912001295,1,38.5200004578,58.5200004578,50,0
0.10991301516,1,38.5800018311,58.5800018311,50,0
0.109914012883,1,38.6399993896,58.6399993896,50,0
0.109914994971,1,38.7000007629,58.7000007629,50,0
0.109915960007,1,38.7599983215,58.7599983215,50,0
0.10991690919,1,38.8199996948,58.8199996948,50,0
0.109917841855,1,38.8800010681,58.8800010681,50,0
0.109918757852,1,38.9399986267,58.9399986267,50,0
0.109919657725,1,39,59,50,0
0.109920540124,1,39.0600013733,59.0600013733,50,0
0.109921406137,1,39.1199989319,59.1199989319,50,0
0.109922255292,1,39.1800003052,59.1800003052,50,0
0.109923087474,1,39.2400016785,59.2400016785,50,0
0.109923903102,1,39.2999992371,59.2999992371,50,0
0.109924701,1,39.3600006104,59.3600006104,50,0
0.109925482263,1,39.4199981689,59.4199981689,50,0
0.109926246431,1,39.4799995422,59.4799995422,50,0
0.109926993428,1,39.5400009155,59.5400009155,50,0
0.109927723716,1,39.5999984741,59.5999984741,50,0
0.109928436128,1,39.6599998474,59.6599998474,50,0
0.109929131855,1,39.7200012207,59.7200012207,50,0
0.109929810324,1,39.7799987793,59.7799987793,50,0
0.109930471624,1,39.8400001526,59.8400001526,50,0
0.109931116252,1,39.9000015259,59.9000015259,50,0
0.109931742939,1,39.9599990845,59.9599990845,50,0
0.109932353031,1,40.0200004578,60.0200004578,50,0
0.109932945987,1,40.0800018311,60.0800018311,50,0
0.109933521804,1,40.1399993896,60.1399993896,50,0
0.10993408112,1,40.2000007629,60.2000007629,50,0
0.109934622673,1,40.2599983215,60.2599983215,50,0
0.109935147815,1,40.3199996948,60.3199996948,50,0
0.109935656043,1,40.3800010681,60.3800010681,50,0
0.109936147388,1,40.4399986267,60.4399986267,50,0
0.109936622493,1,40.5,60.5,50,0
0.109937080185,1,40.5600013733,60.5600013733,50,0
0.109937521721,1,40.6199989319,60.6199989319,50,0
0.109937946727,1,40.6800003052,60.6800003052,50,0
0.109938355258,1,40.7400016785,60.7400016785,50,0
0.109938747884,1,40.7999992371,60.7999992371,50,0
0.109939123568,1,40.8600006104,60.8600006104,50,0
0.10993948354,1,40.9199981689,60.9199981689,50,0
0.109939827449,1,40.9799995422,60.9799995422,50,0
0.109940155381,1,41.0400009155,61.0400009155,50,0
0.109940467916,1,41.0999984741,61.0999984741,50,0
0.109940764067,1,41.1599998474,61.1599998474,50,0
0.109941045071,1,41.2200012207,61.2200012207,50,0
0.109941310556,1,41.2799987793,61.2799987793,50,0
0.109941560684,1,41.3400001526,61.3400001526,50,0
0.109941796036,1,41.4000015259,61.4000015259,50,0
0.109942015638,1,41.4599990845,61.4599990845,50,0
0.109942220748,1,41.5200004578,61.5200004578,50,0
0.109942411032,1,41.5800018311,61.5800018311,50,0
0.109942586625,1,41.6399993896,61.6399993896,50,0
0.109942748146,1,41.7000007629,61.7000007629,50,0
0.109942894678,1,41.7599983215,61.7599983215,50,0
0.109943027436,1,41.8199996948,61.8199996948,50,0
0.109943146129,1,41.8800010681,61.8800010681,50,0
0.109943250909,1,41.9399986267,61.9399986267,50,0
0.109943342376,1,42,62,50,0
0.109943419701,1,42.0600013733,62.0600013733,50,0
0.109943484028,1,42.1199989319,62.1199989319,50,0
0.109943535123,1,42.1800003052,62.1800003052,50,0
0.109943573154,1,42.2400016785,62.2400016785,50,0
0.109943598689,1,42.2999992371,62.2999992371,50,0
0.109943610984,1,42.3600006104,62.3600006104,50,0
0.109943611133,1,42.4199981689,62.4199981689,50,0
0.109943598931,1,42.4799995422,62.4799995422,50,0
0.109943574557,1,42.5400009155,62.5400009155,50,0
0.109943538569,1,42.5999984741,62.5999984741,50,0
0.109943490286,1,42.6599998474,62.6599998474,50,0
0.109943430748,1,42.7200012207,62.7200012207,50,0
0.109943359791,1,42.7799987793,62.7799987793,50,0
0.109943277593,1,42.8400001526,62.8400001526,50,0
0.10994318469,1,42.9000015259,62.9000015259,50,0
0.109943080488,1,42.9599990845,62.9599990845,50,0
0.109942965948,1,43.0200004578,63.0200004578,50,0
0.109942840942,1,43.0800018311,63.0800018311,50,0
0.109942705671,1,43.1399993896,63.1399993896,50,0
0.109942560624,1,43.2000007629,63.2000007629,50,0
0.109942405291,1,43.2599983215,63.2599983215,50,0
0.109942240561,1,43.3199996948,63.3199996948,50,0
0.109942066342,1,43.3800010681,63.3800010681,50,0
0.109941882839,1,43.4399986267,63.4399986267,50,0
0.109941690507,1,43.5,63.5,50,0
0.109941488902,1,43.5600013733,63.5600013733,50,0
0.109941278876,1,43.6199989319,63.6199989319,50,0
0.109941060331,1,43.6800003052,63.6800003052,50,0
0.109940833474,1,43.7400016785,63.7400016785,50,0
0.109940598766,1,43.7999992371,63.7999992371,50,0
0.109940355796,1,43.8600006104,63.8600006104,50,0
0.109940105358,1,43.9199981689,63.9199981689,50,0
0.109939847378,1,43.9799995422,63.9799995422,50,0
0.109939582064,1,44.0400009155,64.0400009155,50,0
0.109939309848,1,44.0999984741,64.0999984741,50,0
0.109939030362,1,44.1600036621,64.1600036621,50,0
0.10993874437,1,44.2200012207,64.2200012207,50,0
0.109938451818,1,44.2799987793,64.2799987793,50,0
0.109938152896,1,44.3399963379,64.3399963379,50,0
0.109937847946,1,44.4000015259,64.4000015259,50,0
0.109937536795,1,44.4599990845,64.4599990845,50,0
0.109937220021,1,44.5199966431,64.5199966431,50,0
0.109936897593,1,44.5800018311,64.5800018311,50,0
0.109936569774,1,44.6399993896,64.6399993896,50,0
0.109936236871,1,44.6999969482,64.6999969482,50,0
0.109935898651,1,44.7600021362,64.7600021362,50,0
0.109935555746,1,44.8199996948,64.8199996948,50,0
0.109935208141,1,44.8799972534,64.8799972534,50,0
0.109934855968,1,44.9400024414,64.9400024414,50,0
0.10993449963,1,45,65,50,0
0.109934138948,1,45.0599975586,65.0599975586,50,0
0.109933774351,1,45.1200027466,65.1200027466,50,0
0.109933405978,1,45.1800003052,65.1800003052,50,0
0.109933033953,1,45.2399978638,65.2399978638,50,0
0.109932658506,1,45.3000030518,65.3000030518,50,0
0.109932279652,1,45.3600006104,65.3600006104,50,0
0.109931897747,1,45.4199981689,65.4199981689,50,0
0.109931512808,1,45.4800033569,65.4800033569,50,0
0.109931125092,1,45.5400009155,65.5400009155,50,0
0.109930734794,1,45.5999984741,65.5999984741,50,0
0.109930341834,1,45.6600036621,65.6600036621,50,0
0.109929946646,1,45.7200012207,65.7200012207,50,0
0.109929549262,1,45.7799987793,65.7799987793,50,0
0.109929149832,1,45.8399963379,65.8399963379,50,0
0.109928748513,1,45.9000015259,65.9000015259,50,0
0.109928345422,1,45.9599990845,65.9599990845,50,0
0.10992794078,1,46.0199966431,66.0199966431,50,0
0.109927534627,1,46.0800018311,66.0800018311,50,0
0.109927127207,1,46.1399993896,66.1399993896,50,0
0.109926718643,1,46.1999969482,66.1999969482,50,0
0.10992630894,1,46.2600021362,66.2600021362,50,0
0.10992589841,1,46.3199996948,66.3199996948,50,0
0.109925487105,1,46.3799972534,66.3799972534,50,0
0.1099250751,1,46.4400024414,66.4400024414,50,0
0.109924662646,1,46.5,66.5,50,0
0.109924249782,1,46.5599975586,66.5599975586,50,0
0.109923836606,1,46.6200027466,66.6200027466,50,0
0.109923423335,1,46.6800003052,66.6800003052,50,0
0.109923010034,1,46.7399978638,66.7399978638,50,0
0.109922596764,1,46.8000030518,66.8000030518,50,0
0.109922183755,1,46.8600006104,66.8600006104,50,0
0.109921771051,1,46.9199981689,66.9199981689,50,0
0.109921358717,1,46.9800033569,66.9800033569,50,0
0.109920946964,1,47.0400009155,67.0400009155,50,0
0.109920535826,1,47.0999984741,67.0999984741,50,0
0.109920125403,1,47.1600036621,67.1600036621,50,0
0.109919715845,1,47.2200012207,67.2200012207,50,0
0.109919307223,1,47.2799987793,67.2799987793,50,0
0.109918899631,1,47.3399963379,67.3399963379,50,0
0.109918493077,1,47.4000015259,67.4000015259,50,0
0.109918087841,1,47.4599990845,67.4599990845,50,0
0.10991768387,1,47.5199966431,67.5199966431,50,0
0.10991728124,1,47.5800018311,67.5800018311,50,0
0.109916880136,1,47.6399993896,67.6399993896,50,0
0.109916480541,1,47.6999969482,67.6999969482,50,0
0.109916082602,1,47.7600021362,67.7600021362,50,0
0.109915686376,1,47.8199996948,67.8199996948,50,0
0.109915291942,1,47.8799972534,67.8799972534,50,0
0.109914899321,1,47.9400024414,67.9400024414,50,0
0.109914508626,1,48,68,50,0
0.109914120018,1,48.0599975586,68.0599975586,50,0
0.109913733369,1,48.1200027466,68.1200027466,50,0
0.109913348906,1,48.1800003052,68.1800003052,50,0
0.10991296664,1,48.2399978638,68.2399978638,50,0
0.109912586516,1,48.3000030518,68.3000030518,50,0
0.109912208854,1,48.3600006104,68.3600006104,50,0
0.109911833492,1,48.4199981689,68.4199981689,50,0
0.109911460512,1,48.4800033569,68.4800033569,50,0
0.10991109006,1,48.5400009155,68.5400009155,50,0
0.10991072206,1,48.5999984741,68.5999984741,50,0
0.1099103567,1,48.6600036621,68.6600036621,50,0
0.109909993932,1,48.7200012207,68.7200012207,50,0
0.109909633835,1,48.7799987793,68.7799987793,50,0
0.10990927645,1,48.8399963379,68.8399963379,50,0
0.109908921689,1,48.9000015259,68.9000015259,50,0
0.109908569881,1,48.9599990845,68.9599990845,50,0
0.109908220817,1,49.0199966431,69.0199966431,50,0
0.109907874573,1,49.0800018311,69.0800018311,50,0
0.109907531272,1,49.1399993896,69.1399993896,50,0
0.109907190811,1,49.1999969482,69.1999969482,50,0
0.10990685339,1,49.2600021362,69.2600021362,50,0
0.109906518909,1,49.3199996948,69.3199996948,50,0
0.109906187442,1,49.3799972534,69.3799972534,50,0
0.109905858974,1,49.4400024414,69.4400024414,50,0
0.109905533518,1,49.5,69.5,50,0
0.109905211274,1,49.5599975586,69.5599975586,50,0
0.109904892,1,49.6200027466,69.6200027466,50,0
0.109904575892,1,49.6800003052,69.6800003052,50,0
0.109904262924,1,49.7399978638,69.7399978638,50,0
0.109903952976,1,49.8000030518,69.8000030518,50,0
0.109903646372,1,49.8600006104,69.8600006104,50,0
0.109903342853,1,49.9199981689,69.9199981689,50,0
0.109903042492,1,49.9800033569,69.9800033569,50,0
0.109902745374,1,50.0400009155,70.0400009155,50,0
0.109902451371,1,50.0999984741,70.0999984741,50,0
0.109902160687,1,50.1600036621,70.1600036621,50,0
0.109901873168,1,50.2200012207,70.2200012207,50,0
0.109901588881,1,50.2799987793,70.2799987793,50,0
0.109901307829,1,50.3399963379,70.3399963379,50,0
0.109901029881,1,50.4000015259,70.4000015259,50,0
0.109900755342,1,50.4599990845,70.4599990845,50,0
0.109900483943,1,50.5199966431,70.5199966431,50,0
0.109900215748,1,50.5800018311,70.5800018311,50,0
0.109899950822,1,50.6399993896,70.6399993896,50,0
0.10989968903,1,50.6999969482,70.6999969482,50,0
0.109899430568,1,50.7600021362,70.7600021362,50,0
0.109899175262,1,50.8199996948,70.8199996948,50,0
0.109898923173,1,50.8799972534,70.8799972534,50,0
0.109898674261,1,50.9400024414,70.9400024414,50,0
0.109898428483,1,51,71,50,0
0.10989818603,1,51.0599975586,71.0599975586,50,0
0.10989794663,1,51.1200027466,71.1200027466,50,0
0.109897710431,1,51.1800003052,71.1800003052,50,0
0.109897477392,1,51.2399978638,71.2399978638,50,0
0.109897247372,1,51.3000030518,71.3000030518,50,0
0.109897020646,1,51.3600006104,71.3600006104,50,0
0.109896796943,1,51.4199981689,71.4199981689,50,0
0.109896576315,1,51.4800033569,71.4800033569,50,0
0.109896358804,1,51.5400009155,71.5400009155,50,0
0.109896144271,1,51.5999984741,71.5999984741,50,0
0.109895932894,1,51.6600036621,71.6600036621,50,0
0.109895724488,1,51.7200012207,71.7200012207,50,0
0.109895519101,1,51.7799987793,71.7799987793,50,0
0.109895316715,1,51.8399963379,71.8399963379,50,0
0.109895117194,1,51.9000015259,71.9000015259,50,0
0.109894920784,1,51.9599990845,71.9599990845,50,0
0.109894727224,1,52.0199966431,72.0199966431,50,0
0.10989453656,1,52.0800018311,72.0800018311,50,0
0.10989434882,1,52.1399993896,72.1399993896,50,0
0.109894163868,1,52.1999969482,72.1999969482,50,0
0.109893981867,1,52.2600021362,72.2600021362,50,0
0.109893802634,1,52.3199996948,72.3199996948,50,0
0.109893626211,1,52.3799972534,72.3799972534,50,0
0.10989345255,1,52.4400024414,72.4400024414,50,0
0.109893281589,1,52.5,72.5,50,0
0.10989311348,1,52.5599975586,72.5599975586,50,0
0.109892947979,1,52.6200027466,72.6200027466,50,0
0.109892785187,1,52.6800003052,72.6800003052,50,0
0.109892625059,1,52.7399978638,72.7399978638,50,0
0.109892467467,1,52.8000030518,72.8000030518,50,0
0.109892312617,1,52.8600006104,72.8600006104,50,0
0.109892160273,1,52.9199981689,72.9199981689,50,0
0.109892010471,1,52.9800033569,72.9800033569,50,0
0.109891863222,1,53.0400009155,73.0400009155,50,0
0.109891718403,1,53.0999984741,73.0999984741,50,0
0.109891576152,1,53.1600036621,73.1600036621,50,0
0.109891436296,1,53.2200012207,73.2200012207,50,0
0.109891298869,1,53.2799987793,73.2799987793,50,0
0.109891163841,1,53.3399963379,73.3399963379,50,0
0.109891031098,1,53.4000015259,73.4000015259,50,0
0.109890900815,1,53.4599990845,73.4599990845,50,0
0.10989077278,1,53.5199966431,73.5199966431,50,0
0.10989064702,1,53.5800018311,73.5800018311,50,0
0.109890523541,1,53.6399993896,73.6399993896,50,0
0.109890402229,1,53.6999969482,73.6999969482,50,0
0.109890283204,1,53.7600021362,73.7600021362,50,0
0.109890166309,1,53.8199996948,73.8199996948,50,0
0.109890051567,1,53.8799972534,73.8799972534,50,0
0.109889938939,1,53.9400024414,73.9400024414,50,0
0.10988982836,1,54,74,50,0
0.109889719939,1,54.0599975586,74.0599975586,50,0
0.109889613486,1,54.1200027466,74.1200027466,50,0
0.109889509065,1,54.1800003052,74.1800003052,50,0
0.109889406633,1,54.2399978638,74.2399978638,50,0
0.109889306091,1,54.3000030518,74.3000030518,50,0
0.109889207579,1,54.3600006104,74.3600006104,50,0
0.109889110916,1,54.4199981689,74.4199981689,50,0
0.109889016124,1,54.4800033569,74.4800033569,50,0
0.109888923198,1,54.5400009155,74.5400009155,50,0
0.109888832045,1,54.5999984741,74.5999984741,50,0
0.109888742758,1,54.6600036621,74.6600036621,50,0
0.109888655202,1,54.7200012207,74.7200012207,50,0
0.109888569395,1,54.7799987793,74.7799987793,50,0
0.109888485312,1,54.8399963379,74.8399963379,50,0
0.109888402863,1,54.9000015259,74.9000015259,50,0
0.109888322165,1,54.9599990845,74.9599990845,50,0
0.109888243062,1,55.0199966431,75.0199966431,50,0
0.109888165568,1,55.0800018311,75.0800018311,50,0
0.10988808968,1,55.1399993896,75.1399993896,50,0
0.109888015312,1,55.1999969482,75.1999969482,50,0
0.109887942544,1,55.2600021362,75.2600021362,50,0
0.109887871259,1,55.3199996948,75.3199996948,50,0
0.109887801468,1,55.3799972534,75.3799972534,50,0
0.109887733139,1,55.4400024414,75.4400024414,50,0
0.109887666222,1,55.5,75.5,50,0
0.109887600786,1,55.5599975586,75.5599975586,50,0
0.109887536698,1,55.6200027466,75.6200027466,50,0
0.109887473993,1,55.6800003052,75.6800003052,50,0
0.10988741264,1,55.7399978638,75.7399978638,50,0
0.109887352568,1,55.8000030518,75.8000030518,50,0
0.109887293864,1,55.8600006104,75.8600006104,50,0
0.109887236404,1,55.9199981689,75.9199981689,50,0
0.109887180197,1,55.9800033569,75.9800033569,50,0
0.109887125237,1,56.0400009155,76.0400009155,50,0
0.109887071456,1,56.0999984741,76.0999984741,50,0
0.109887018914,1,56.1600036621,76.1600036621,50,0
0.109886967516,1,56.2200012207,76.2200012207,50,0
0.10988691727,1,56.2799987793,76.2799987793,50,0
0.109886868157,1,56.3399963379,76.3399963379,50,0
0.109886820113,1,56.4000015259,76.4000015259,50,0
0.109886773212,1,56.4599990845,76.4599990845,50,0
0.109886727348,1,56.5199966431,76.5199966431,50,0
0.109886682528,1,56.5800018311,76.5800018311,50,0
0.109886638745,1,56.6399993896,76.6399993896,50,0
0.109886595941,1,56.6999969482,76.6999969482,50,0
0.109886554166,1,56.7600021362,76.7600021362,50,0
0.109886513338,1,56.8199996948,76.8199996948,50,0
0.109886473464,1,56.8799972534,76.8799972534,50,0
0.109886434521,1,56.9400024414,76.9400024414,50,0
0.109886396471,1,57,77,50,0
0.109886359359,1,57.0599975586,77.0599975586,50,0
0.109886323096,1,57.1200027466,77.1200027466,50,0
0.109886287702,1,57.1800003052,77.1800003052,50,0
0.109886253155,1,57.2399978638,77.2399978638,50,0
0.109886219408,1,57.3000030518,77.3000030518,50,0
0.109886186512,1,57.3600006104,77.3600006104,50,0
0.109886154388,1,57.4199981689,77.4199981689,50,0
0.10988612304,1,57.4800033569,77.4800033569,50,0
0.109886092461,1,57.5400009155,77.5400009155,50,0
0.109886062607,1,57.5999984741,77.5999984741,50,0
0.109886033513,1,57.6600036621,77.6600036621,50,0
0.109886005118,1,57.7200012207,77.7200012207,50,0
0.109885977426,1,57.7799987793,77.7799987793,50,0
0.109885950422,1,57.8399963379,77.8399963379,50,0
0.109885924067,1,57.9000015259,77.9000015259,50,0
0.109885898402,1,57.9599990845,77.9599990845,50,0
0.109885873362,1,58.0199966431,78.0199966431,50,0
0.109885848949,1,58.0800018311,78.0800018311,50,0
0.109885825157,1,58.1399993896,78.1399993896,50,0
0.10988580195,1,58.1999969482,78.1999969482,50,0
0.109885779356,1,58.2600021362,78.2600021362,50,0
0.109885757325,1,58.3199996948,78.3199996948,50,0
0.109885735859,1,58.3799972534,78.3799972534,50,0
0.109885714942,1,58.4400024414,78.4400024414,50,0
0.109885694552,1,58.5,78.5,50,0
0.109885674712,1,58.5599975586,78.5599975586,50,0
0.10988565537,1,58.6200027466,78.6200027466,50,0
0.109885636535,1,58.6800003052,78.6800003052,50,0
0.109885618193,1,58.7399978638,78.7399978638,50,0
0.109885600316,1,58.8000030518,78.8000030518,50,0
0.109885582932,1,58.8600006104,78.8600006104,50,0
0.109885565994,1,58.9199981689,78.9199981689,50,0
0.109885549502,1,58.9800033569,78.9800033569,50,0
0.109885533453,1,59.0400009155,79.0400009155,50,0
0.109885517818,1,59.0999984741,79.0999984741,50,0
0.109885502618,1,59.1600036621,79.1600036621,50,0
0.109885487816,1,59.2200012207,79.2200012207,50,0
0.109885473414,1,59.2799987793,79.2799987793,50,0
0.109885459401,1,59.3399963379,79.3399963379,50,0
0.109885445755,1,59.4000015259,79.4000015259,50,0
0.109885432498,1,59.4599990845,79.4599990845,50,0
0.109885419592,1,59.5199966431,79.5199966431,50,0
0.109885407038,1,59.5800018311,79.5800018311,50,0
0.109885394831,1,59.6399993896,79.6399993896,50,0
0.109885382951,1,59.6999969482,79.6999969482,50,0
0.109885371411,1,59.7600021362,79.7600021362,50,0
0.109885360183,1,59.8199996948,79.8199996948,50,0
0.109885349268,1,59.8799972534,79.8799972534,50,0
0.109885338656,1,59.9400024414,79.9400024414,50,0
0.109885328334,1,60,80,50,0
